scanned sheet;ID;plant;position;morph;genotype;Fam;Rep;petioleLength;bladeLength;bladeWidth;bladeArea;bladePerimeter;bladeCircularity;perimeter_area;blade_petiole
36;415;1;1;P-;M24;2;6;149.4;607.3;471.4;224874;2718;0.383;0.012086769;4.065142306
36;416;1;2;P-;M24;2;6;165.1;568.8;328.8;146884;2474;0.302;0.016843223;3.446096992
36;417;1;3;P-;M24;2;6;101.5;497.1;268.1;104664;2002;0.328;0.019127876;4.898913054
40;466;3;7;P-;AH5;3;6;277.1;785.0;457.4;281992;2808;0.449;0.009957729;2.833277992
40;467;3;8;P-;AH5;3;6;174.3;720.9;396.1;224265;2622;0.41;0.011691526;4.136086662
40;468;3;9;P-;AH5;3;6;93.2;624.6;338.8;166180;2344;0.38;0.014105187;6.698994969
46;527;2;5;P-;AH7;3;9;429.1;573.3;387.2;174372;2124;0.486;0.012180855;1.336184395
46;526;2;4;P-;AH7;3;9;376.0;547.2;410.3;176340;2202;0.457;0.012487241;1.45546956
46;528;2;6;P-;AH7;3;9;411.8;572.3;373.6;167929;2132;0.464;0.012695842;1.389739343
27;311;2;5;P+;PH8;4;7;186.6;624.7;431.5;211673;2896;0.317;0.01368148;3.348415732
27;310;2;4;P+;PH8;4;7;191.4;535.1;432.5;181773;2502;0.365;0.01376442;2.795154415
27;312;2;6;P+;PH8;4;7;197.9;561.0;429.6;189256;2742;0.316;0.014488312;2.835103076
56;637;2;4;P-;M24;4;10;243.6;664.9;435.7;227519;2762;0.375;0.012139645;2.729565532
56;638;2;5;P-;M24;4;10;140.8;650.3;429.6;219401;2832;0.344;0.012907872;4.618184271
56;639;2;6;P-;M24;4;10;104.5;552.5;286.3;124216;2140;0.341;0.017228054;5.28805253
16;185;3;8;P+;PH1;5;3;209.0;595.3;391.1;182874;2690;0.318;0.014709581;2.848443526
16;184;3;7;P+;PH1;5;3;231.4;497.9;335.2;131087;2104;0.372;0.016050409;2.152031948
16;186;3;9;P+;PH1;5;3;249.9;587.2;315.3;145400;2748;0.242;0.018899587;2.34953286
30;343;1;1;P+;PH8;5;6;175.1;519.7;414.4;169155;2412;0.365;0.014259111;2.967855593
30;344;1;2;P+;PH8;5;6;140.8;506.3;373.7;148577;2358;0.336;0.015870559;3.596839854
30;345;1;3;P+;PH8;5;6;112.3;512.9;338.9;136522;2214;0.35;0.016217166;4.565186042
54;616;3;7;P+;PH1;5;11;177.2;546.2;401.2;172137;2458;0.358;0.014279324;3.082387197
54;617;3;8;P+;PH1;5;11;194.0;600.1;428.2;201810;2958;0.29;0.014657351;3.092673902
54;618;3;9;P+;PH1;5;11;167.4;562.7;373.5;165077;2738;0.277;0.016586199;3.361647469
10;106;1;1;P-;M24;6;1;290.6;645.1;426.0;215829;2792;0.348;0.012936167;2.220115223
10;107;1;2;P-;M24;6;1;265.6;653.2;364.5;186979;2684;0.326;0.014354553;2.458794787
10;108;1;3;P-;M24;6;1;197.1;627.2;297.6;146597;2500;0.295;0.017053555;3.181607423
16;182;2;5;P-;AH7;6;3;274.4;612.6;423.5;203786;2368;0.457;0.011620033;2.232943218
16;181;2;4;P-;AH7;6;3;342.0;631.1;424.1;210196;2464;0.435;0.011722392;1.845302074
16;183;2;6;P-;AH7;6;3;190.8;528.3;333.6;138420;1980;0.444;0.014304291;2.769435606
11;124;3;7;P-;M28;6;4;276.7;550.5;404.5;174879;2260;0.43;0.012923221;1.989566355
11;125;3;8;P-;M28;6;4;242.1;507.5;312.8;124695;1986;0.397;0.015926862;2.095923053
11;126;3;9;P-;M28;6;4;194.5;354.6;264.7;73732;1418;0.461;0.019231813;1.823458326
24;278;2;5;P+;PH1;6;5;277.7;553.1;365.7;158859;2390;0.349;0.015044788;1.992051916
24;279;2;6;P+;PH1;6;5;153.4;423.9;315.1;104898;1722;0.445;0.016415947;2.763388142
24;277;2;4;P+;PH1;6;5;168.6;554.2;326.1;141925;2460;0.295;0.017333098;3.286741944
46;530;3;8;P+;PH4;6;9;266.8;670.8;554.0;291857;3306;0.336;0.011327465;2.513895863
46;529;3;7;P+;PH4;6;9;205.7;602.2;460.4;217771;2704;0.374;0.012416713;2.927165708
46;531;3;9;P+;PH4;6;9;167.3;620.4;489.1;238327;2978;0.338;0.012495437;3.709218204
56;634;1;1;P-;AH7;6;10;331.7;669.6;470.9;247631;2534;0.485;0.010232968;2.018272851
56;635;1;2;P-;AH7;6;10;285.4;615.6;450.1;217610;2366;0.488;0.010872662;2.156814384
56;636;1;3;P-;AH7;6;10;152.7;656.0;370.5;190879;2362;0.43;0.012374331;4.29471224
17;200;4;11;P+;PH4;7;3;268.1;581.4;454.6;207577;2712;0.355;0.013065031;2.168651689
17;199;4;10;P+;PH4;7;3;266.5;577.3;489.2;221804;2948;0.321;0.013291014;2.166240803
17;201;4;12;P+;PH4;7;3;187.6;561.6;437.7;193081;2614;0.355;0.01353836;2.993593126
18;211;4;10;P+;PH8;7;5;154.1;526.5;415.6;171851;2438;0.363;0.014186708;3.416578515
18;212;4;11;P+;PH8;7;5;112.9;557.7;396.9;173855;2644;0.313;0.015208076;4.940870027
18;213;4;12;P+;PH8;7;5;116.4;560.5;352.6;155214;2448;0.325;0.015771773;4.815807336
34;402;4;12;P+;PH4;7;8;142.2;683.1;564.4;302839;3282;0.353;0.010837442;4.803719851
34;401;4;11;P+;PH4;7;8;261.8;550.1;498.2;215229;2680;0.377;0.012451854;2.101298463
34;400;4;10;P+;PH4;7;8;304.1;563.8;463.1;205062;2608;0.379;0.012718105;1.854017791
14;160;3;7;P-;M24;9;4;65.3;628.9;441.0;217824;2640;0.393;0.012119877;9.627301811
14;161;3;8;P-;M24;9;4;78.6;564.6;372.8;165283;2392;0.363;0.014472148;7.184644557
14;162;3;9;P-;M24;9;4;67.8;505.2;281.4;111650;2016;0.345;0.018056426;7.448451252
11;122;2;5;P+;PH8;9;4;156.4;524.8;399.0;164466;2460;0.342;0.014957499;3.356375869
11;121;2;4;P+;PH8;9;4;159.8;524.9;385.0;158719;2378;0.353;0.014982453;3.284124323
11;123;2;6;P+;PH8;9;4;138.6;514.7;340.7;137737;2248;0.343;0.01632096;3.714445511
26;300;2;6;P+;PH4;9;5;229.3;697.0;487.2;266718;3184;0.331;0.011937702;3.040186341
26;298;2;4;P+;PH4;9;5;278.5;619.0;459.0;223158;2700;0.385;0.012099051;2.222770393
26;299;2;5;P+;PH4;9;5;260.5;408.8;395.5;126963;2048;0.38;0.016130684;1.569045398
31;358;2;4;P+;PH2;9;6;241.6;538.4;377.5;159629;2436;0.338;0.015260385;2.228832327
31;359;2;5;P+;PH2;9;6;182.1;550.3;338.9;146468;2368;0.328;0.016167354;3.021319819
31;360;2;6;P+;PH2;9;6;133.4;475.5;329.7;123111;2290;0.295;0.0186011;3.563187122
54;610;1;1;P-;M24;9;11;218.6;608.9;425.7;203585;2710;0.348;0.013311393;2.785023945
54;611;1;2;P-;M24;9;11;226.3;647.3;341.6;173689;2772;0.284;0.01595956;2.860645486
54;612;1;3;P-;M24;9;11;168.0;561.8;302.9;133644;2524;0.264;0.018885996;3.344457674
8;82;1;1;P-;M28;10;2;249.3;688.6;413.2;223452;2716;0.381;0.012154736;2.762297121
8;83;1;2;P-;M28;10;2;256.6;345.2;320.4;86860;1572;0.442;0.018098089;1.345514924
8;84;1;3;P-;M28;10;2;170.9;351.6;275.9;76191;1442;0.46;0.01892612;2.056996274
31;364;4;10;P-;AH7;10;6;354.8;608.8;406.9;194551;2482;0.397;0.01275758;1.715945762
31;365;4;11;P-;AH7;10;6;254.3;636.9;360.6;180391;2490;0.366;0.013803349;2.50434704
31;366;4;12;P-;AH7;10;6;222.9;580.8;342.1;156039;2360;0.352;0.015124424;2.60580978
34;397;3;7;P-;AH5;10;8;288.1;579.5;510.2;232224;2516;0.461;0.010834367;2.011269062
34;398;3;8;P-;AH5;10;8;218.9;737.9;419.6;243172;2896;0.364;0.011909266;3.370760854
34;399;3;9;P-;AH5;10;8;179.9;464.5;375.0;136819;2036;0.415;0.014880974;2.581838191
42;484;4;10;P+;PH1;10;8;283.9;646.2;537.9;272999;3064;0.365;0.011223484;2.276190845
42;485;4;11;P+;PH1;10;8;246.5;699.0;458.0;251439;2968;0.359;0.011804056;2.835946249
42;486;4;12;P+;PH1;10;8;129.8;625.4;397.9;195410;2826;0.307;0.014461901;4.819306263
57;653;3;8;P-;M28;10;10;249.1;686.2;471.9;254316;2940;0.37;0.011560421;2.75463632
57;652;3;7;P-;M28;10;10;278.0;599.2;452.2;212781;2674;0.374;0.012566912;2.154946142
57;654;3;9;P-;M28;10;10;164.8;604.3;388.9;184547;2434;0.391;0.013189052;3.665542405
50;571;1;1;P-;M36;10;10;143.0;591.7;328.1;152474;2124;0.425;0.013930244;4.137671329
50;572;1;2;P-;M36;10;10;217.0;607.2;300.4;143265;2150;0.389;0.015007155;2.79807103
50;573;1;3;P-;M36;10;10;170.4;551.7;272.7;118170;1984;0.377;0.016789371;3.237849606
1;7;3;7;P-;AH6;11;1;242.1;685.7;536.9;289167;2966;0.413;0.010257049;2.832946367
1;8;3;8;P-;AH6;11;1;174.7;700.1;469.1;257936;2902;0.385;0.011250853;4.00609449
1;9;3;9;P-;AH6;11;1;130.8;601.7;353.4;167023;2390;0.367;0.014309406;4.599970951
25;289;3;7;P-;M24;11;5;342.4;751.2;509.0;300301;3180;0.373;0.010589375;2.193731145
25;290;3;8;P-;M24;11;5;261.4;713.3;407.7;228392;2966;0.326;0.012986444;2.728182375
25;291;3;9;P-;M24;11;5;159.1;590.0;305.1;141372;2446;0.297;0.01730187;3.707818568
37;429;1;3;P-;AH6;11;9;167.9;739.3;503.5;292378;3456;0.308;0.011820315;4.404190297
37;428;1;2;P-;AH6;11;9;248.0;449.9;415.5;146799;2298;0.349;0.015654058;1.813746558
37;427;1;1;P-;AH6;11;9;142.7;537.2;319.1;134637;2132;0.372;0.015835172;3.764973018
10;109;2;4;P+;PH4;12;1;273.0;560.3;454.5;200030;2574;0.379;0.01286807;2.052286313
10;110;2;5;P+;PH4;12;1;261.7;592.7;420.4;195676;2684;0.341;0.013716552;2.26457507
10;111;2;6;P+;PH4;12;1;221.0;633.6;402.9;200477;2794;0.323;0.013936761;2.866682353
6;66;3;9;P+;PH1;12;2;167.9;524.0;375.3;154476;2418;0.332;0.015652917;3.120176964
6;64;3;7;P+;PH1;12;2;233.0;534.1;333.5;139904;2258;0.345;0.016139639;2.292200992
6;65;3;9;P+;PH1;12;2;196.4;479.5;293.2;110411;2252;0.274;0.020396518;2.4414619
20;230;2;5;P+;PH8;12;3;151.4;600.5;455.9;215002;2804;0.344;0.013041739;3.96514154
20;231;2;6;P+;PH8;12;3;139.1;583.8;464.9;213190;2864;0.327;0.013434026;4.197452046
20;229;2;4;P+;PH8;12;3;173.3;554.4;453.7;197569;2728;0.334;0.013807834;3.198711032
32;376;4;10;P+;PH4;12;6;323.2;678.4;506.5;269887;3076;0.358;0.011397363;2.098812297
32;377;4;11;P+;PH4;12;6;281.7;712.9;460.2;257670;3064;0.345;0.011891179;2.530524515
32;378;4;12;P+;PH4;12;6;200.8;676.8;380.2;202113;2766;0.332;0.013685414;3.371460167
48;556;4;10;P+;PH1;12;10;337.8;717.9;531.1;299461;3298;0.346;0.01101312;2.125463319
48;557;4;11;P+;PH1;12;10;217.2;755.9;501.7;297854;3448;0.315;0.011576141;3.479772591
48;558;4;12;P+;PH1;12;10;145.6;656.0;370.1;190672;2786;0.309;0.014611479;4.504432375
50;580;4;11;P+;PH4;12;10;179.7;622.5;428.8;209662;2792;0.338;0.013316672;3.464930395
50;581;4;11;P+;PH4;12;10;243.5;532.0;450.0;187998;2528;0.37;0.013446952;2.184897384
50;582;4;12;P+;PH4;12;10;80.2;592.4;381.2;177374;2706;0.304;0.0152559;7.386174908
52;590;1;2;P+;PH8;12;11;73.5;594.1;435.5;203206;2676;0.357;0.013168902;8.078766285
52;589;1;1;P+;PH8;12;11;98.8;509.7;412.9;165309;2290;0.396;0.013852845;5.157514495
52;591;1;3;P+;PH8;12;11;88.4;576.1;387.1;175148;2480;0.358;0.014159454;6.517741169
16;178;1;1;P-;M24;14;3;153.4;659.5;387.0;200439;2778;0.326;0.013859578;4.30024191
16;179;1;2;P-;M24;14;3;154.0;644.9;298.1;151018;2558;0.29;0.016938378;4.18829229
16;180;1;3;P-;M24;14;3;104.1;547.0;269.9;115961;2216;0.297;0.019109873;5.252441355
40;463;2;4;P+;PH1;14;6;210.6;640.6;464.2;233564;2956;0.336;0.01265606;3.041417028
40;464;2;5;P+;PH1;14;6;279.5;582.6;395.7;181076;2568;0.345;0.01418189;2.084580568
40;465;2;6;P+;PH1;14;6;142.2;626.8;364.5;179432;2550;0.347;0.014211512;4.408932653
39;454;3;7;P-;AH6;14;8;157.4;603.5;404.8;191901;2596;0.358;0.013527809;3.835501439
39;455;3;8;P-;AH6;14;8;124.9;476.7;414.3;155091;2248;0.386;0.014494716;3.817517839
39;456;3;9;P-;AH6;14;8;79.9;524.4;397.4;163672;2404;0.356;0.014687912;6.56666291
10;115;4;10;P+;PH3;15;2;256.9;630.6;501.2;248219;2958;0.356;0.011916896;2.45408197
10;116;4;11;P+;PH3;15;2;233.7;656.9;450.9;232637;2984;0.328;0.01282685;2.811203506
10;117;4;12;P+;PH3;15;2;149.6;626.4;396.4;195020;2782;0.317;0.014265204;4.185712376
48;555;3;9;P+;PH3;15;10;209.4;679.9;545.9;291552;3302;0.336;0.011325595;3.247503284
48;553;3;7;P+;PH3;15;10;241.8;551.4;432.7;187412;2574;0.355;0.013734446;2.280841154
48;554;3;8;P+;PH3;15;10;225.2;547.3;426.7;183403;2538;0.358;0.013838378;2.430428372
7;75;2;6;P+;PH2;16;2;148.5;593.6;363.6;169536;2666;0.3;0.015725274;3.997838267
7;74;2;5;P+;PH2;16;2;204.6;583.9;351.5;161175;2556;0.31;0.015858539;2.853428601
7;73;2;4;P+;PH2;16;2;239.3;554.2;373.5;162561;2612;0.299;0.016067815;2.316279575
23;271;4;10;P+;PH3;17;5;202.3;560.8;457.8;201626;2540;0.393;0.012597582;2.772507725
23;273;4;12;P+;PH3;17;5;168.5;577.2;376.5;170661;2440;0.36;0.01429735;3.424273348
23;272;4;11;P+;PH3;17;5;195.4;574.6;391.9;176856;2562;0.339;0.014486362;2.94061686
5;49;1;1;P-;M24;18;2;161.3;582.9;408.9;187227;2628;0.341;0.014036437;3.613822348
5;50;1;2;P-;M24;18;2;137.5;605.5;378.6;180067;2540;0.351;0.014105861;4.405376305
5;51;1;3;P-;M24;18;2;97.6;548.2;274.3;118108;2052;0.352;0.017373929;5.619925783
12;140;4;11;P+;PH1;18;4;174.0;572.1;446.8;200769;2774;0.328;0.013816874;3.288396875
12;139;4;10;P+;PH1;18;4;201.5;575.5;401.0;181231;2530;0.356;0.013960084;2.855540891
12;141;4;12;P+;PH1;18;4;156.6;564.7;372.5;165191;2460;0.343;0.014891852;3.605235268
25;292;4;10;P-;AH7;18;5;309.0;751.5;475.5;280611;2778;0.457;0.009899826;2.43224234
25;293;4;11;P-;AH7;18;5;205.0;719.2;409.0;230999;2560;0.443;0.011082299;3.50840537
25;294;4;12;P-;AH7;18;5;132.9;647.3;382.1;194255;2250;0.482;0.011582713;4.869628348
22;259;4;10;P-;M28;18;5;318.0;691.8;456.6;248100;2832;0.389;0.011414752;2.175515723
22;260;4;11;P-;M28;18;5;239.8;605.0;368.0;174882;2454;0.365;0.014032319;2.523155774
22;261;4;12;P-;M28;18;5;188.6;547.1;313.9;134887;2152;0.366;0.015954095;2.90016115
36;424;4;10;P-;AH6;18;6;196.1;624.8;408.2;200316;2604;0.371;0.012999461;3.186071889
36;426;4;12;P-;AH6;18;6;124.0;518.1;305.3;124224;2196;0.324;0.017677743;4.177602722
36;425;4;11;P-;AH6;18;6;134.0;391.9;303.7;93475;1780;0.371;0.019042525;2.925284225
43;490;2;4;P+;PH2;18;7;186.4;600.1;384.4;181171;2646;0.325;0.014604986;3.219878516
43;491;2;5;P+;PH2;18;7;144.6;538.0;370.5;156558;2572;0.297;0.016428416;3.720581218
43;492;2;6;P+;PH2;18;7;141.5;524.6;356.8;146999;2696;0.254;0.018340261;3.707989623
8;85;2;4;P+;PH4;19;2;241.8;664.9;549.1;286775;3266;0.338;0.011388719;2.74985836
8;86;2;5;P+;PH4;19;2;194.2;679.3;515.5;275036;3298;0.318;0.011991158;3.497366619
8;87;2;6;P+;PH4;19;2;172.1;598.8;446.1;209830;2644;0.377;0.012600677;3.47934787
6;61;2;4;P+;PH8;19;2;130.9;504.3;371.9;147309;2338;0.339;0.0158714;3.851505339
6;62;2;5;P+;PH8;19;2;156.0;514.3;374.8;151412;2420;0.325;0.015982881;3.297136337
6;63;2;6;P+;PH8;19;2;140.0;510.6;331.0;132755;2168;0.355;0.016330835;3.648016117
27;317;4;11;P+;PH4;19;7;272.6;654.6;450.6;231648;2970;0.33;0.012821177;2.401094608
27;318;4;12;P+;PH4;19;7;213.9;627.2;427.3;210514;2898;0.315;0.013766305;2.932894725
27;316;4;10;P+;PH4;19;7;246.9;496.9;417.7;163034;2436;0.345;0.014941669;2.012746154
57;655;4;10;P+;PH8;19;10;140.2;550.8;445.8;192864;2546;0.374;0.013201012;3.929020844
57;657;4;12;P+;PH8;19;10;167.9;585.7;420.6;193486;2708;0.332;0.013995845;3.489270437
57;656;4;12;P+;PH8;19;10;101.9;564.1;400.9;177637;2584;0.334;0.014546519;5.533946772
56;641;3;8;P+;PH4;19;11;252.3;699.0;551.3;302657;3378;0.333;0.011161149;2.770719623
56;642;3;9;P+;PH4;19;11;160.0;709.6;536.2;298860;3598;0.29;0.012039082;4.434304996
56;640;3;7;P+;PH4;19;11;254.5;627.9;483.5;238441;2930;0.349;0.012288155;2.46685734
14;158;2;5;P-;M28;20;3;244.4;628.4;395.8;195326;2560;0.375;0.013106294;2.571022332
14;157;2;4;P-;M28;20;3;280.1;591.9;391.8;182144;2444;0.383;0.013417955;2.112956597
14;159;2;6;P-;M28;20;3;161.8;560.6;330.4;145491;2214;0.373;0.015217436;3.464853841
56;644;4;11;P-;M28;20;11;246.9;684.6;514.4;276560;2938;0.403;0.010623373;2.772365362
56;643;4;10;P-;M28;20;11;317.3;663.3;466.5;243036;2792;0.392;0.01148801;2.090191753
56;645;4;12;P-;M28;20;11;215.1;688.1;406.5;219670;2706;0.377;0.012318478;3.199316533
4;43;3;7;P-;AH5;21;1;233.4;810.1;436.5;277702;3018;0.383;0.010867765;3.471048212
4;44;3;8;P-;AH5;21;1;151.7;733.6;358.1;206346;2654;0.368;0.012861892;4.836013053
4;45;3;9;P-;AH5;21;1;107.6;636.1;324.1;161908;2298;0.385;0.014193246;5.908931292
28;328;4;10;P+;PH1;21;7;287.2;642.0;518.1;261268;2908;0.388;0.011130334;2.235381364
28;329;4;11;P+;PH1;21;7;265.4;699.2;459.3;252206;3084;0.333;0.012228099;2.634651835
28;330;4;12;P+;PH1;21;7;164.7;709.7;386.0;215128;2840;0.335;0.013201443;4.309440241
37;433;3;7;P-;AH5;21;9;300.6;992.4;511.6;398782;3996;0.314;0.010020512;3.301976377
37;434;3;8;P-;AH5;21;9;133.5;889.0;503.2;351355;3896;0.291;0.0110885;6.660555476
37;435;3;9;P-;AH5;21;9;85.9;680.1;315.5;168510;2912;0.25;0.017280874;7.918262793
35;403;1;1;P-;M24;22;8;291.5;752.2;466.1;275337;3128;0.354;0.011360624;2.580470969
35;404;1;2;P-;M24;22;8;199.3;711.5;450.8;251918;2972;0.358;0.01179749;3.570498763
35;405;1;3;P-;M24;22;8;98.8;712.1;415.5;232371;3150;0.294;0.013555908;7.206778598
2;20;3;8;P+;PH8;23;1;138.9;543.4;420.9;179647;2692;0.312;0.014984943;3.912670296
2;19;3;7;P+;PH8;23;1;167.6;553.0;381.7;165791;2500;0.333;0.015079226;3.298632736
2;21;3;9;P+;PH8;23;1;246.5;532.6;357.2;149407;2530;0.293;0.016933611;2.160500738
9;103;4;10;P-;AH5;23;2;274.0;560.8;395.5;174226;2350;0.396;0.013488228;2.046853844
9;104;4;11;P-;AH5;23;2;198.9;626.4;324.5;159626;2482;0.326;0.015548845;3.14904506
9;105;4;12;P-;AH5;23;2;141.4;548.3;284.0;122322;2326;0.284;0.019015386;3.878460581
38;440;1;2;P-;AH6;23;7;208.2;842.2;547.7;362261;3626;0.346;0.010009358;4.0443055
38;439;1;1;P-;AH6;23;7;258.2;745.0;535.9;313582;3140;0.4;0.01001333;2.885176321
38;441;1;3;P-;AH6;23;7;137.1;790.5;467.2;290072;3330;0.329;0.011479908;5.765094553
45;511;1;1;P+;PH1;23;9;306.4;579.8;411.2;187245;2628;0.341;0.014035088;1.892166717
45;512;1;2;P+;PH1;23;9;283.3;611.9;418.1;200912;2902;0.3;0.014444135;2.159931519
45;513;1;3;P+;PH1;23;9;198.2;610.2;332.8;159471;2742;0.267;0.017194349;3.078974856
47;538;2;4;P+;PH8;23;9;123.1;573.6;465.0;209492;2884;0.317;0.013766635;4.65942082
47;539;2;5;P+;PH8;23;9;203.0;608.7;455.9;217932;3114;0.282;0.014288861;2.998207011
47;540;2;6;P+;PH8;23;9;111.7;566.8;367.9;163795;2492;0.331;0.01521414;5.075122668
29;341;4;11;P-;M28;24;7;310.2;532.8;372.4;155842;2278;0.377;0.014617369;1.717458783
29;340;4;10;P-;M28;24;7;303.7;477.9;345.2;129557;1904;0.449;0.014696234;1.573338162
29;342;4;12;P-;M28;24;7;289.9;542.2;330.9;140898;2242;0.352;0.01591222;1.870402186
12;133;2;4;P+;PH3;25;3;138.4;502.3;370.1;146000;2212;0.375;0.015150685;3.628996836
12;134;2;5;P+;PH3;25;3;129.3;528.4;373.0;154811;2438;0.327;0.015748235;4.085826954
12;135;2;6;P+;PH3;25;3;123.1;530.3;312.8;130273;2152;0.353;0.016519156;4.306565431
34;391;1;1;P-;M28;25;8;269.2;653.8;493.7;253522;2848;0.393;0.011233739;2.42857249
34;392;1;2;P-;M28;25;8;242.8;660.2;453.6;235188;2784;0.381;0.011837339;2.718752703
34;393;1;3;P-;M28;25;8;190.2;598.6;364.4;171305;2372;0.383;0.013846648;3.148103935
44;508;4;10;P-;M28;25;8;242.2;648.1;492.5;250671;2770;0.411;0.011050341;2.676072971
44;509;4;11;P-;M28;25;8;205.8;680.1;463.5;247589;2854;0.382;0.011527168;3.304403805
44;510;4;12;P-;M28;25;8;196.5;564.4;349.8;155057;2256;0.383;0.014549488;2.873025083
33;382;2;4;P+;PH8;25;8;157.5;593.3;426.5;198765;2848;0.308;0.014328478;3.766706027
33;383;2;5;P+;PH8;25;8;108.2;527.9;359.8;149158;2362;0.336;0.015835557;4.879063491
33;384;2;6;P+;PH8;25;8;93.4;502.4;318.1;125521;2204;0.325;0.017558815;5.376470211
55;632;4;12;P+;PH3;25;11;181.4;690.6;488.2;264785;3076;0.352;0.011616972;3.807967578
55;631;4;11;P+;PH3;25;11;252.7;620.9;475.1;231682;2766;0.381;0.011938778;2.456486303
55;633;4;12;P+;PH3;25;11;207.4;490.6;360.2;138775;2060;0.411;0.014844172;2.365856011
12;137;3;8;P+;PH2;26;3;274.9;586.4;395.7;182230;2590;0.341;0.014212808;2.132713075
12;138;3;9;P+;PH2;26;3;203.4;619.4;419.6;204146;2922;0.3;0.014313286;3.04484457
12;136;3;7;P+;PH2;26;3;234.5;557.1;379.4;165981;2558;0.319;0.015411403;2.375431729
51;587;2;5;P+;PH2;26;10;194.3;714.6;490.8;275436;3256;0.326;0.011821258;3.677214506
51;588;2;6;P+;PH2;26;10;147.2;770.6;485.6;293935;3516;0.299;0.011961828;5.236921864
51;586;2;4;P+;PH2;26;10;218.2;626.2;417.9;205494;2744;0.343;0.013353188;2.869901595
40;471;4;12;P-;M28;27;6;212.9;424.5;248.0;82696;1736;0.345;0.020992551;1.994161112
40;469;4;10;P-;M28;27;6;154.0;370.1;223.5;64965;1432;0.398;0.022042638;2.403781207
40;470;4;11;P-;M28;27;6;143.8;293.8;158.8;36646;1124;0.365;0.030671833;2.043021744
3;30;2;6;P+;PH3;28;1;289.1;664.7;524.1;273607;3106;0.356;0.011352049;2.299281561
3;28;2;4;P+;PH3;28;1;196.0;674.4;438.9;232461;2970;0.331;0.012776337;3.440465076
3;29;2;5;P+;PH3;28;1;127.1;569.2;388.9;173853;2568;0.331;0.0147711;4.479739673
15;166;1;1;P-;AH5;29;3;261.5;618.9;385.9;187605;2420;0.403;0.012899443;2.366402465
15;168;1;3;P-;AH5;29;3;230.2;558.8;340.4;149399;2232;0.377;0.014939859;2.427190792
28;320;1;2;P-;AH7;29;7;441.7;671.4;386.6;203895;2514;0.405;0.012329876;1.520040477
28;319;1;1;P-;AH7;29;7;478.2;713.8;375.1;210316;2616;0.386;0.012438426;1.492542588
28;321;1;3;P-;AH7;29;7;214.4;649.1;345.8;176281;2380;0.391;0.013501171;3.027243687
1;10;4;10;P-;M28;30;1;189.3;423.5;267.7;89042;1670;0.401;0.018755194;2.236988052
1;11;4;11;P-;M28;30;1;193.4;411.2;253.0;81708;1632;0.386;0.019973564;2.125986776
1;12;4;12;P-;M28;30;1;191.0;481.1;229.7;86802;1820;0.329;0.020967259;2.518259713
36;420;2;6;P+;PH3;30;6;105.8;500.2;412.7;162136;2368;0.363;0.014605023;4.728009981
36;418;2;4;P+;PH3;30;6;159.5;508.7;419.2;167495;2528;0.329;0.015092988;3.188696868
36;419;2;5;P+;PH3;30;6;85.8;538.2;381.9;161414;2496;0.326;0.015463343;6.269176558
37;437;4;11;P-;M28;30;9;238.8;743.3;450.0;262695;2938;0.382;0.011184073;3.113091773
37;436;4;10;P-;M28;30;9;291.4;693.3;458.0;249384;3020;0.344;0.012109839;2.379121973
37;438;4;12;P-;M28;30;9;174.4;669.0;373.3;196143;2600;0.365;0.013255635;3.836759156
21;241;2;4;P-;AH5;31;4;131.4;652.9;386.2;198035;2750;0.329;0.013886434;4.970765131
21;242;2;5;P-;AH5;31;4;209.5;655.4;365.7;188257;2692;0.326;0.014299601;3.127704047
21;243;2;6;P-;AH5;31;4;180.8;584.5;253.5;116382;2158;0.314;0.018542386;3.231977262
21;238;1;1;P-;AH6;31;4;200.5;619.0;423.5;205867;2606;0.381;0.012658658;3.087455733
21;239;1;2;P-;AH6;31;4;126.8;545.8;314.6;134868;2116;0.379;0.015689415;4.306280719
21;240;1;3;P-;AH6;31;4;116.1;465.6;251.1;91834;1736;0.383;0.018903674;4.009955219
15;174;3;9;P+;PH2;31;4;174.8;624.1;393.3;192792;2762;0.318;0.014326321;3.569670936
15;173;3;8;P+;PH2;31;4;203.1;549.1;410.9;177199;2610;0.327;0.014729203;2.703236764
15;172;3;7;P+;PH2;31;4;180.5;342.1;289.2;77708;1754;0.317;0.022571679;1.895524125
53;606;2;6;P+;PH2;31;11;178.6;575.5;409.3;184977;2512;0.368;0.013580067;3.221783043
53;604;2;4;P+;PH2;31;11;187.3;588.1;403.3;186256;2634;0.337;0.014141826;3.139761982
53;605;2;5;P+;PH2;31;11;214.2;551.1;377.6;163414;2402;0.356;0.014698863;2.572539574
5;56;3;8;P-;AH7;32;2;291.8;591.7;379.0;176148;2298;0.419;0.013045848;2.028076333
5;55;3;7;P-;AH7;32;2;354.9;534.6;392.3;164725;2252;0.408;0.01367127;1.5061335
5;57;3;9;P-;AH7;32;2;276.6;571.0;289.2;129713;2062;0.383;0.015896633;2.064232753
26;304;4;10;P-;AH5;33;5;277.7;627.3;372.8;183682;2558;0.353;0.013926242;2.258952107
26;305;4;11;P-;AH5;33;5;283.7;712.8;355.4;198969;2780;0.324;0.013972026;2.512312458
26;306;4;12;P-;AH5;33;5;160.0;643.8;322.1;162871;2616;0.299;0.016061791;4.024763679
35;410;3;8;P+;PH2;33;8;208.4;551.4;385.6;166991;2574;0.317;0.015414004;2.645677792
35;409;3;7;P+;PH2;33;8;240.5;551.2;383.5;166014;2562;0.318;0.015432433;2.291889824
35;411;3;9;P+;PH2;33;8;126.8;581.5;392.7;179365;2894;0.269;0.016134697;4.58640135
17;197;3;8;P-;AH6;34;3;244.3;590.3;394.0;182681;2460;0.379;0.013466097;2.415879837
17;196;3;7;P-;AH6;34;3;290.1;587.4;390.5;180162;2490;0.365;0.013820895;2.024761452
17;198;3;9;P-;AH6;34;3;118.7;550.3;359.3;155264;2248;0.386;0.014478566;4.636755846
25;287;2;5;P-;AH7;34;4;241.8;576.5;333.5;151010;2182;0.399;0.014449374;2.383768049
25;288;2;6;P-;AH7;34;4;131.7;504.0;347.3;137479;2058;0.408;0.014969559;3.825858902
25;286;2;4;P-;AH7;34;4;268.7;502.2;351.7;138718;2094;0.398;0.015095373;1.869117587
52;592;2;4;P-;AH6;34;11;210.6;645.1;496.4;251523;2852;0.389;0.011338923;3.063483245
52;593;2;5;P-;AH6;34;11;154.9;637.5;370.3;185383;2554;0.357;0.013776884;4.116533755
52;594;2;6;P-;AH6;34;11;90.1;526.8;335.6;138854;2152;0.377;0.015498293;5.846500477
52;595;3;7;P-;AH7;34;11;104.8;758.0;480.9;286316;2974;0.407;0.010387125;7.23117064
52;596;3;8;P-;AH7;34;11;120.0;750.3;498.8;293902;3138;0.375;0.010677028;6.254849816
52;597;3;9;P-;AH7;34;11;136.9;733.0;397.6;228910;2904;0.341;0.012686209;5.354750807
21;244;3;7;P+;PH3;36;4;140.3;517.0;399.0;162019;2400;0.353;0.014813077;3.685848532
21;245;3;8;P+;PH3;36;4;151.3;522.4;381.8;156646;2448;0.328;0.015627593;3.452220922
21;246;3;9;P+;PH3;36;4;126.9;521.2;314.7;128815;2198;0.335;0.01706323;4.108213132
33;379;1;1;P+;PH3;37;8;184.2;624.0;440.5;215891;2676;0.379;0.012395144;3.388515421
33;380;1;2;P+;PH3;37;8;175.0;588.8;448.9;207617;2592;0.388;0.012484527;3.36521426
33;381;1;3;P+;PH3;37;8;108.1;606.7;422.6;201368;2710;0.345;0.013457948;5.613638046
3;25;1;1;P-;AH7;40;1;365.0;614.6;376.2;181583;2262;0.446;0.012457113;1.683653427
3;26;1;2;P-;AH7;40;1;297.1;628.7;338.3;167036;2254;0.413;0.013494097;2.115942614
3;27;1;3;P-;AH7;40;1;218.5;598.0;286.5;134571;2116;0.378;0.015724042;2.73673107
7;76;3;7;P-;AH6;40;2;277.5;800.8;586.2;368681;3466;0.386;0.009401081;2.885422522
7;77;3;8;P-;AH6;40;2;226.8;715.0;447.2;251112;2986;0.354;0.011891108;3.1532257
7;78;3;9;P-;AH6;40;2;150.2;623.8;392.2;192153;2660;0.341;0.013843135;4.154177571
18;209;3;8;P+;PH2;40;5;260.5;691.5;501.9;272580;3124;0.351;0.011460856;2.654573793
18;210;3;9;P+;PH2;40;5;175.5;753.5;492.1;291202;3628;0.278;0.012458706;4.293143036
18;208;3;7;P+;PH2;40;5;217.0;566.2;393.0;174756;2538;0.341;0.014523107;2.60871909
33;386;3;8;P-;AH7;40;8;263.4;621.7;362.6;177028;2248;0.44;0.012698556;2.359922866
33;385;3;7;P-;AH7;40;8;306.6;433.0;372.2;126587;1848;0.466;0.014598655;1.412204254
33;387;3;9;P-;AH7;40;8;187.9;558.2;303.7;133159;1986;0.424;0.014914501;2.970265524
49;565;3;7;P-;AH6;40;10;219.6;813.2;508.7;324880;3494;0.334;0.01075474;3.702708856
49;566;3;8;P-;AH6;40;10;178.2;762.0;403.3;241384;3104;0.315;0.012859179;4.277277575
49;567;3;9;P-;AH6;40;10;157.3;634.0;332.8;165719;2514;0.329;0.015170258;4.030376431
1;1;1;1;P+;PH2;41;1;177.3;591.7;383.3;178129;2636;0.322;0.014798264;3.338324232
1;2;1;2;P+;PH2;41;1;153.0;562.3;371.7;164175;2474;0.337;0.015069286;3.674355389
1;3;1;3;P+;PH2;41;1;94.9;491.4;371.2;143253;2582;0.27;0.018024055;5.179176679
30;352;4;10;P+;PH3;41;7;316.2;740.8;573.4;333598;3600;0.323;0.010791432;2.342737511
30;354;4;12;P+;PH3;41;7;195.3;674.2;470.3;249001;2940;0.362;0.011807181;3.452791535
30;353;4;11;P+;PH3;41;7;274.6;662.4;473.5;246337;3018;0.34;0.012251509;2.412433082
45;519;3;9;P+;PH2;41;9;185.5;675.9;450.6;239188;3158;0.301;0.013203003;3.643985832
45;517;3;7;P+;PH2;41;9;213.2;533.6;380.8;159619;2428;0.34;0.015211222;2.502875073
45;518;3;8;P+;PH2;41;9;236.6;607.1;390.3;186118;2854;0.287;0.015334358;2.565868213
18;202;1;1;P-;AH6;45;5;401.3;788.3;512.2;317122;3252;0.377;0.010254728;1.964273879
18;203;1;2;P-;AH6;45;5;313.0;775.9;517.1;315121;3330;0.357;0.010567369;2.478988536
18;204;1;3;P-;AH6;45;5;226.7;932.4;506.4;370827;3954;0.298;0.010662654;4.113567077
2;13;1;1;P-;M27;;1;129.6;682.2;553.5;296580;3014;0.41;0.010162519;5.265767191
2;14;1;2;P-;M27;;1;174.1;661.7;495.1;257310;3086;0.34;0.011993315;3.800322764
2;15;1;3;P-;M27;;1;98.2;627.1;406.8;200365;2710;0.343;0.013525316;6.382841206
4;37;1;1;P+;M31;;1;320.3;760.5;543.8;324794;3148;0.412;0.009692297;2.374382991
4;38;1;2;P+;M31;;1;216.5;712.0;437.3;244528;2890;0.368;0.011818687;3.288633939
4;39;1;3;P+;M31;;1;172.1;585.9;293.9;135256;2168;0.362;0.016028864;3.405155178
10;112;3;7;P-;M32;;1;282.4;730.6;515.5;295829;2992;0.415;0.010113951;2.586908416
10;113;3;8;P-;M32;;1;301.6;636.2;377.9;188813;2370;0.422;0.012552102;2.109701465
10;114;3;9;P-;M32;;1;200.9;651.6;321.5;164524;2402;0.358;0.014599694;3.24267443
2;22;4;10;P-;M34;;1;270.9;632.4;337.8;167752;2260;0.413;0.013472269;2.334418665
2;23;4;11;P-;M34;;1;257.4;709.5;322.5;179729;2534;0.352;0.014099005;2.756340977
2;24;4;12;P-;M34;;1;190.0;574.5;234.3;105724;2038;0.32;0.019276607;3.024616745
1;6;2;6;P-;M36;;1;215.9;601.0;438.1;206790;2652;0.369;0.012824605;2.783863527
1;4;2;4;P-;M36;;1;270.9;425.4;278.1;92916;1690;0.409;0.018188471;1.570345433
1;5;2;5;P-;M36;;1;266.7;521.3;266.0;108899;2040;0.329;0.018732954;1.954663917
3;34;4;10;P-;M38;;1;250.9;819.7;548.6;353163;3318;0.403;0.009395095;3.267025368
3;35;4;11;P-;M38;;1;185.2;725.0;378.1;215287;2678;0.377;0.012439209;3.915173412
3;36;4;12;P-;M38;;1;139.3;650.6;304.1;155405;2400;0.339;0.015443519;4.669755324
2;16;2;4;P+;PH1_2014;;1;147.1;680.7;471.9;252302;2724;0.427;0.010796585;4.62703996
2;18;2;6;P+;PH1_2014;;1;169.9;640.5;388.5;195431;2542;0.38;0.013007148;3.769303196
2;17;2;5;P+;PH1_2014;;1;154.6;544.4;271.4;116024;2036;0.352;0.017548093;3.521491917
4;46;4;10;P+;PH1_2015;;1;249.3;836.2;485.6;318904;3170;0.399;0.009940296;3.354609019
4;47;4;11;P+;PH1_2015;;1;177.4;693.7;337.5;183870;2476;0.377;0.013466036;3.909894879
4;48;4;12;P+;PH1_2015;;1;132.0;672.1;311.4;164390;2428;0.35;0.014769755;5.089772426
3;31;3;7;P+;PH2_2015;;1;231.6;677.6;504.8;268630;2704;0.462;0.01006589;2.926021245
3;32;3;8;P+;PH2_2015;;1;203.1;687.5;446.6;241108;2600;0.448;0.010783549;3.384438154
3;33;3;9;P+;PH2_2015;;1;179.8;785.5;423.7;261408;2906;0.389;0.011116722;4.370103752
4;40;2;4;P+;PH3_2015;;1;284.4;585.0;461.7;212142;2674;0.373;0.012604765;2.05709182
4;41;2;5;P+;PH3_2015;;1;281.8;635.4;420.1;209614;2664;0.371;0.012709075;2.254351853
4;42;2;6;P+;PH3_2015;;1;244.5;629.6;392.8;194226;2564;0.371;0.013201116;2.575119934
7;71;1;2;P+;PH4_2015;;1;220.0;644.7;383.2;194028;2838;0.303;0.014626755;2.929970958
7;70;1;1;P+;PH4_2015;;1;273.7;576.7;360.3;163218;2540;0.318;0.015562009;2.107573798
7;72;1;3;P+;PH4_2015;;1;176.2;654.8;333.6;171549;2746;0.286;0.016007088;3.716922012
8;88;3;7;P-;M27;;2;121.2;693.2;526.3;286560;3196;0.353;0.011152987;5.718566974
8;89;3;8;P-;M27;;2;170.3;611.2;383.3;183989;2626;0.335;0.014272592;3.589579895
8;90;3;9;P-;M27;;2;135.0;558.1;330.2;144714;2370;0.324;0.01637713;4.134550277
5;53;2;5;P-;M32;;2;199.8;626.2;408.8;201040;2616;0.369;0.013012336;3.134728591
5;54;2;6;P-;M32;;2;153.1;593.4;367.8;171435;2456;0.357;0.014326129;3.875918463
5;52;2;4;P-;M32;;2;198.8;433.9;407.6;138904;1996;0.438;0.014369637;2.183029785
9;99;2;6;P-;M34;;2;252.2;711.1;410.4;229191;2780;0.373;0.012129621;2.820061231
9;98;2;5;P-;M34;;2;302.3;561.5;433.3;191069;2338;0.439;0.012236417;1.857569652
9;97;2;4;P-;M34;;2;326.2;408.2;312.7;100254;1722;0.425;0.017176372;1.251504533
8;91;4;10;P-;M36;;2;293.7;732.8;487.2;280413;2788;0.453;0.009942478;2.495377323
8;92;4;11;P-;M36;;2;236.3;603.1;377.0;178570;2360;0.403;0.013216106;2.552390021
8;93;4;12;P-;M36;;2;204.0;556.8;345.6;151162;2228;0.383;0.014739154;2.729814791
7;79;4;10;P-;M38;;2;292.7;789.8;471.3;292329;2972;0.416;0.010166627;2.698002671
7;80;4;11;P-;M38;;2;226.1;748.0;407.4;239343;2848;0.371;0.011899241;3.308137323
7;81;4;12;P-;M38;;2;235.0;452.6;294.8;104789;1732;0.439;0.016528452;1.926069658
9;101;3;8;P+;PH1_2014;;2;242.0;581.9;392.5;179384;2582;0.338;0.014393703;2.404211013
9;102;3;9;P+;PH1_2014;;2;163.9;572.5;374.6;168427;2498;0.339;0.014831351;3.492630372
9;100;3;7;P+;PH1_2014;;2;242.7;525.5;389.7;160825;2450;0.337;0.01523395;2.16495886
9;94;1;1;P+;PH1_2015;;2;358.5;852.3;567.1;379605;3412;0.41;0.00898829;2.377404383
9;95;1;2;P+;PH1_2015;;2;302.9;835.8;452.8;297234;3324;0.338;0.011183108;2.759454721
9;96;1;3;P+;PH1_2015;;2;256.0;699.4;396.8;218003;2764;0.359;0.012678725;2.732318438
6;67;4;10;P+;PH2_2015;;2;182.9;752.4;520.4;307544;3226;0.371;0.010489556;4.114457732
6;68;4;11;P+;PH2_2015;;2;176.2;692.9;469.2;255354;2774;0.417;0.01086335;3.931841008
6;69;4;12;P+;PH2_2015;;2;103.2;593.3;301.9;140697;2242;0.352;0.015934952;5.746147662
6;58;1;1;P+;PH4_2015;;2;283.9;665.9;515.0;269313;3186;0.333;0.011830101;2.345889217
6;59;1;2;P+;PH4_2015;;2;248.9;657.4;374.2;193235;2794;0.311;0.014459078;2.641093216
6;60;1;3;P+;PH4_2015;;2;194.3;655.4;323.8;166671;2596;0.311;0.015575595;3.373215986
17;190;1;1;P-;M27;;3;229.3;796.5;547.8;342665;3400;0.372;0.009922227;3.473519869
17;192;1;3;P-;M27;;3;115.8;582.5;487.4;222998;2926;0.327;0.013121194;5.032492441
17;191;1;2;P-;M27;;3;195.0;475.2;456.7;170454;2334;0.393;0.013692844;2.436438679
20;226;1;1;P+;M31;;3;289.4;747.4;514.3;301938;3170;0.378;0.010498844;2.582522226
20;227;1;2;P+;M31;;3;239.0;702.2;429.1;236636;2900;0.354;0.012255109;2.938185181
20;228;1;3;P+;M31;;3;129.7;539.7;329.6;139729;2194;0.365;0.015701823;4.159894252
13;148;3;7;P-;M32;;3;275.0;658.2;533.0;275529;2822;0.435;0.010242116;2.393688674
13;149;3;7;P-;M32;;3;172.0;658.3;502.3;259707;2774;0.424;0.010681268;3.828141265
13;150;3;8;P-;M32;;3;163.9;662.2;421.1;219026;2598;0.408;0.011861605;4.040703137
13;145;2;4;P-;M34;;3;231.5;500.7;421.2;165617;2132;0.458;0.012873075;2.162959891
13;147;2;6;P-;M34;;3;123.5;506.6;284.8;113296;1862;0.411;0.016434826;4.101469576
17;193;2;4;P-;M36;;3;298.3;665.7;608.2;317980;2908;0.473;0.009145229;2.23150386
17;194;2;5;P-;M36;;3;225.8;886.9;535.2;372832;3434;0.397;0.009210583;3.928359769
17;195;2;6;P-;M36;;3;103.9;680.0;450.0;240363;2662;0.426;0.011074916;6.547472102
20;233;3;8;P-;M38;;3;164.6;733.1;466.3;268478;2924;0.395;0.010891023;4.454461492
20;232;3;7;P-;M38;;3;291.0;649.6;445.1;227054;2514;0.451;0.011072256;2.232398529
20;234;3;9;P-;M38;;3;226.0;655.0;376.9;193919;2560;0.372;0.013201388;2.898955521
12;130;1;1;P+;PH1_2014;;3;246.3;677.3;474.7;252511;2698;0.436;0.010684683;2.74946007
12;131;1;2;P+;PH1_2014;;3;254.9;679.4;420.0;224117;2760;0.37;0.012314996;2.665351211
12;132;1;3;P+;PH1_2014;;3;165.9;638.6;328.7;164868;2366;0.37;0.014350875;3.848979838
14;154;1;1;P+;PH1_2015;;3;145.2;792.7;420.5;261784;3214;0.318;0.012277297;5.459209675
14;155;1;2;P+;PH1_2015;;3;86.9;713.5;345.0;193366;2964;0.277;0.015328445;8.212381742
14;156;1;3;P+;PH1_2015;;3;132.5;633.7;283.3;141025;2512;0.281;0.017812445;4.782218265
16;188;4;11;P+;PH2_2015;;3;254.3;744.7;447.8;261882;2804;0.419;0.010707112;2.928134977
16;187;4;10;P+;PH2_2015;;3;235.8;659.6;462.8;239716;2634;0.434;0.010988002;2.796782373
16;189;4;12;P+;PH2_2015;;3;236.5;683.2;361.4;193899;2508;0.387;0.012934569;2.888727743
13;142;1;1;P+;PH3_2015;;3;231.2;619.8;506.6;246597;2766;0.405;0.011216681;2.681154906
13;144;1;3;P+;PH3_2015;;3;201.4;670.1;439.7;231428;3002;0.323;0.012971637;3.327901987
13;143;1;2;P+;PH3_2015;;3;201.8;633.6;388.7;193409;2604;0.358;0.013463696;3.140023788
13;152;4;11;P+;PH4_2015;;3;163.2;657.6;397.6;205338;2860;0.315;0.013928255;4.02993234
13;151;4;9;P+;PH4_2015;;3;175.4;627.1;401.9;197968;2886;0.299;0.014578114;3.575992929
13;153;4;12;P+;PH4_2015;;3;126.7;642.9;339.0;171188;2664;0.303;0.015561838;5.073498891
11;128;4;11;P-;M27;;4;206.6;382.7;364.2;109475;1738;0.455;0.015875771;1.852059409
11;129;4;12;P-;M27;;4;102.2;406.2;373.2;119045;2032;0.362;0.017069176;3.973809081
11;127;4;10;P-;M27;;4;88.3;440.5;329.5;114020;2056;0.339;0.018031924;4.989444117
11;119;1;2;P+;M31;;4;243.0;567.0;404.5;180117;2316;0.422;0.012858309;2.332968489
11;118;1;1;P+;M31;;4;299.7;637.1;417.6;208941;2734;0.351;0.013085034;2.125902197
11;120;1;3;P+;M31;;4;51.7;343.2;297.0;80046;1574;0.406;0.019663693;6.635848546
23;266;2;5;P-;M32;;4;277.4;753.1;506.4;299558;3006;0.417;0.010034785;2.714836724
23;267;2;6;P-;M32;;4;201.7;598.8;396.5;186463;2470;0.384;0.013246596;2.967905188
23;265;2;4;P-;M32;;4;206.3;505.9;297.5;118190;1894;0.414;0.016025044;2.451780193
14;163;4;10;P-;M34;;4;212.6;492.7;379.9;146990;1964;0.479;0.013361453;2.317332656
14;165;4;12;P-;M34;;4;96.5;516.6;278.0;112811;1810;0.433;0.016044535;5.35290217
19;217;2;4;P-;M36;;4;259.7;622.4;367.2;179501;2692;0.311;0.014997131;2.396579011
19;218;2;5;P-;M36;;4;179.8;627.6;298.3;147059;2506;0.294;0.01704078;3.490681053
19;219;2;6;P-;M36;;4;131.4;536.3;263.4;110924;2182;0.293;0.019671126;4.080351232
25;283;1;1;P-;M38;;4;227.7;622.4;481.6;235406;2636;0.426;0.011197676;2.733185777
25;284;1;2;P-;M38;;4;179.0;608.5;383.4;183224;2442;0.386;0.013327948;3.399433507
25;285;1;3;P-;M38;;4;144.7;493.0;338.6;131121;2028;0.401;0.01546663;3.406436991
15;176;4;11;P+;PH1_2014;;4;232.4;624.7;387.2;189985;2566;0.363;0.013506329;2.688347175
15;175;4;10;P+;PH1_2014;;4;152.3;582.5;311.5;142516;2318;0.333;0.01626484;3.824931545
15;177;4;12;P+;PH1_2014;;4;101.4;531.8;273.7;114330;2002;0.358;0.017510715;5.242449334
19;214;1;1;P+;PH1_2015;;4;346.3;847.9;493.0;328351;3350;0.368;0.010202497;2.448354022
19;215;1;2;P+;PH1_2015;;4;230.4;757.1;463.5;275636;3226;0.333;0.011703841;3.285631832
19;216;1;3;P+;PH1_2015;;4;120.6;702.5;371.8;205156;2754;0.34;0.013423931;5.823974664
23;263;1;2;P+;PH2;;4;94.1;484.8;226.3;86180;1622;0.412;0.018821072;5.153758663
23;262;1;1;P+;PH2;;4;77.9;441.0;211.8;73349;1502;0.409;0.020477443;5.659300042
23;264;1;3;P+;PH2;;4;55.7;359.3;212.7;60032;1248;0.484;0.020788913;6.450903998
21;247;4;10;P+;PH3_2015;;4;182.6;678.9;493.8;263336;2894;0.395;0.010989762;3.719060009
21;248;4;11;P+;PH3_2015;;4;181.9;629.3;412.8;204032;2576;0.386;0.012625471;3.460483122
21;249;4;12;P+;PH3_2015;;4;193.7;574.7;369.4;166722;2402;0.363;0.014407217;2.967194664
15;170;2;5;P+;PH4_2015;;4;218.6;632.0;440.2;218470;2808;0.348;0.012853023;2.890541597
15;169;2;4;P+;PH4_2015;;4;213.7;561.1;428.3;188763;2576;0.357;0.013646742;2.625797244
15;171;2;6;P+;PH4_2015;;4;77.6;567.6;269.8;120272;2246;0.3;0.018674338;7.312569249
23;268;3;7;P-;M27;;5;184.2;728.7;623.5;356826;3376;0.393;0.009461194;3.955332765
23;269;3;8;P-;M27;;5;177.4;805.7;548.8;347260;3360;0.387;0.009675747;4.540430568
23;270;3;9;P-;M27;;5;202.8;465.6;410.3;150057;2084;0.434;0.013888056;2.295733466
24;274;1;1;P+;M31;;5;246.5;621.6;489.9;239176;2768;0.392;0.011573068;2.521469282
24;275;1;2;P+;M31;;5;166.2;657.6;390.6;201758;2718;0.343;0.013471585;3.956960715
24;276;1;3;P+;M31;;5;124.3;512.3;286.1;115116;1978;0.37;0.017182668;4.122041099
26;296;1;2;P-;M32;;5;168.4;649.7;432.0;220440;2782;0.358;0.012620214;3.85739053
26;297;1;3;P-;M32;;5;106.3;510.9;327.9;131588;2152;0.357;0.016354075;4.805479787
26;295;1;1;P-;M32;;5;331.5;335.4;253.0;66657;1494;0.375;0.02241325;1.011760696
22;250;1;1;P-;M34;;5;291.5;807.7;448.2;284306;2956;0.409;0.010397248;2.770575867
22;251;1;2;P-;M34;;5;166.5;815.7;360.5;230960;2874;0.351;0.012443713;4.899914703
26;301;3;7;P-;M36;;5;243.6;718.0;475.5;268167;2888;0.404;0.010769409;2.947464564
26;302;3;8;P-;M36;;5;200.9;716.2;378.8;213060;2732;0.359;0.012822679;3.564888422
26;303;3;9;P-;M36;;5;146.0;530.2;268.8;111934;2044;0.337;0.018260761;3.632089496
22;253;2;4;P-;M38;;5;167.6;802.4;478.5;301524;3038;0.411;0.010075483;4.786202988
22;254;2;5;P-;M38;;5;108.9;759.4;458.0;273183;2924;0.402;0.010703448;6.974725164
22;255;2;6;P-;M38;;5;70.1;670.2;372.5;196056;2502;0.394;0.01276166;9.562822818
19;224;4;11;P+;PH1_2014;;5;238.5;703.6;464.6;256776;2742;0.429;0.010678568;2.950568206
19;223;4;10;P+;PH1_2014;;5;288.4;675.8;457.4;242785;2608;0.449;0.010742015;2.343830956
19;225;4;12;P+;PH1_2014;;5;162.2;699.9;448.9;246761;2682;0.431;0.010868816;4.315821602
24;280;3;7;P+;PH1_2015;;5;239.2;817.2;468.8;300907;3374;0.332;0.011212767;3.416244079
24;281;3;8;P+;PH1_2015;;5;196.1;795.6;432.6;270288;3292;0.313;0.012179601;4.056882502
24;282;3;9;P+;PH1_2015;;5;144.2;703.2;313.7;173270;2700;0.299;0.015582617;4.877162198
22;257;3;8;P+;PH2_2015;;5;216.6;793.7;550.0;342843;3176;0.427;0.009263715;3.664309062
22;256;3;7;P+;PH2_2015;;5;372.0;583.2;474.0;217127;2448;0.455;0.011274508;1.567958059
22;258;3;9;P+;PH2_2015;;5;115.8;664.5;475.3;248063;2824;0.391;0.011384205;5.737907334
18;207;2;6;P+;PH3_2015;;5;225.8;673.7;431.3;228224;2750;0.379;0.012049565;2.983741098
18;205;2;4;P+;PH3_2015;;5;240.1;643.7;441.3;223078;2706;0.383;0.012130286;2.68053589
18;206;2;5;P+;PH3_2015;;5;282.6;611.8;445.8;214173;2654;0.382;0.012391851;2.164473032
19;220;3;7;P+;PH4_2015;;5;353.1;697.9;519.4;284705;3378;0.314;0.011864913;1.976371241
19;221;3;8;P+;PH4_2015;;5;211.0;774.2;492.3;299337;3684;0.277;0.012307199;3.670234653
19;222;3;9;P+;PH4_2015;;5;140.9;663.5;354.2;184586;3106;0.24;0.016826845;4.709347963
32;371;2;5;P-;M27;;6;177.8;370.4;346.7;100870;1706;0.436;0.016912858;2.083208206
32;370;2;4;P-;M27;;6;133.3;386.2;301.1;91325;1702;0.396;0.018636737;2.896549397
32;372;2;6;P-;M27;;6;96.0;375.8;298.1;87982;1710;0.378;0.019435794;3.916055352
30;346;2;4;P+;M31;;6;168.8;573.0;404.4;182010;2596;0.339;0.014262953;3.395066922
30;347;2;5;P+;M31;;6;127.7;544.1;326.1;139343;2342;0.319;0.016807446;4.260748015
30;348;2;6;P+;M31;;6;91.8;493.3;239.3;92728;2024;0.284;0.02182728;5.372073524
30;350;3;8;P-;M34;;6;206.5;577.5;319.6;144985;2164;0.389;0.014925682;2.796983742
30;349;3;7;P-;M34;;6;211.0;517.4;261.0;106060;1814;0.405;0.017103526;2.451603732
30;351;3;9;P-;M34;;6;136.1;486.7;193.0;73764;1680;0.328;0.022775338;3.575262261
27;308;1;2;P-;M36;;6;230.3;426.6;350.9;117572;1728;0.495;0.014697377;1.852787513
27;309;1;3;P-;M36;;6;157.6;419.8;303.5;100074;1590;0.497;0.015888243;2.664343875
27;307;1;1;P-;M36;;6;75.9;418.1;253.5;83232;1544;0.439;0.018550557;5.507832159
32;374;3;8;P-;M38;;6;253.7;535.5;366.3;154039;2136;0.424;0.013866618;2.110981014
32;373;3;7;P-;M38;;6;294.7;544.5;371.7;158955;2252;0.394;0.014167532;1.847457742
32;375;3;9;P-;M38;;6;153.7;522.8;321.4;131961;2182;0.348;0.016535188;3.401348019
32;367;1;1;P+;PH1_2014;;6;247.2;621.1;425.6;207604;2476;0.426;0.011926552;2.512101895
32;368;1;2;P+;PH1_2014;;6;208.9;675.1;410.0;217375;2648;0.39;0.012181714;3.231016642
32;369;1;3;P+;PH1_2014;;6;164.4;636.3;356.4;178130;2506;0.356;0.014068377;3.869749253
36;421;3;7;P+;PH1_2015;;6;64.0;723.5;413.0;234688;2782;0.381;0.011854036;11.30118713
36;423;3;9;P+;PH1_2015;;6;38.2;536.1;270.2;113766;2100;0.324;0.018458942;14.01757046
31;357;1;3;P+;PH2_2015;;6;215.2;752.1;620.7;366646;3202;0.449;0.00873322;3.494310975
31;356;1;2;P+;PH2_2015;;6;331.1;690.5;616.2;334203;3000;0.467;0.00897658;2.08550754
31;355;1;1;P+;PH2_2015;;6;292.0;396.5;356.8;111105;1798;0.432;0.01618289;1.357800553
31;363;3;9;P+;PH3_2015;;6;291.1;651.6;394.3;201805;2726;0.341;0.013508089;2.238074302
31;361;3;7;P+;PH3_2015;;6;231.1;583.3;416.3;190702;2688;0.332;0.01409529;2.523473092
31;362;3;8;P+;PH3_2015;;6;197.9;596.7;403.0;188861;2708;0.324;0.014338588;3.015652561
20;235;4;10;P+;PH4;;6;200.2;521.3;446.6;182872;2474;0.375;0.013528588;2.60434724
20;236;4;11;P+;PH4;;6;204.9;553.2;431.7;187575;2642;0.338;0.014085033;2.699284662
20;237;4;12;P+;PH4;;6;119.8;566.9;342.5;152466;2494;0.308;0.016357745;4.730780144
40;460;1;1;P+;PH4_2015;;6;90.0;573.0;390.7;175825;2480;0.359;0.014104934;6.367871789
40;461;1;2;P+;PH4_2015;;6;54.8;512.5;347.0;139670;2316;0.327;0.016581943;9.355074845
40;462;1;3;P+;PH4_2015;;6;54.2;489.6;283.6;109033;2088;0.314;0.019150166;9.036398538
27;313;3;7;P-;M27;;7;178.0;743.0;525.5;306664;3302;0.353;0.010767485;4.174299454
27;314;3;8;P-;M27;;7;120.5;392.6;315.9;97424;1788;0.383;0.018352767;3.25914581
27;315;3;9;P-;M27;;7;81.6;361.0;308.7;87525;1676;0.392;0.019148815;4.423539214
43;488;1;2;P+;M31;;7;260.8;942.0;648.6;479853;4102;0.358;0.008548451;3.611674942
43;489;1;3;P+;M31;;7;90.7;577.5;442.8;200854;2608;0.371;0.012984556;6.368180214
43;487;1;1;P+;M31;;7;267.8;619.9;361.6;176038;2512;0.351;0.014269646;2.315053555
29;335;2;5;P-;M32;;7;243.0;654.1;488.4;250897;2776;0.409;0.011064301;2.691449921
29;334;2;4;P-;M32;;7;322.5;614.4;484.1;233599;2612;0.43;0.011181555;1.905357171
29;336;2;6;P-;M32;;7;217.2;607.2;409.0;195064;2612;0.359;0.013390477;2.795886134
39;448;1;1;P-;M34;;7;238.8;749.2;500.7;294634;2932;0.431;0.009951329;3.137509789
39;449;1;2;P-;M34;;7;250.8;845.6;429.7;285385;3132;0.366;0.010974648;3.371196415
39;450;1;3;P-;M34;;7;94.3;689.6;307.4;166498;2610;0.307;0.015675864;7.313953612
38;442;2;4;P-;M36;;7;222.9;666.4;448.5;234745;2484;0.478;0.010581695;2.989637445
38;443;2;5;P-;M36;;7;146.0;755.7;387.3;229867;2642;0.414;0.011493603;5.17541829
38;444;2;6;P-;M36;;7;170.7;634.6;296.8;147931;2208;0.381;0.014925878;3.718488872
43;493;3;7;P-;M38;;7;229.7;912.6;571.4;409537;3464;0.429;0.008458332;3.97296556
43;494;3;8;P-;M38;;7;167.1;809.8;423.5;269333;2962;0.386;0.010997538;4.845437628
43;495;3;9;P-;M38;;7;90.6;782.6;380.3;233739;2864;0.358;0.012252983;8.635791843
29;331;1;1;P+;PH1_2014;;7;272.2;609.3;432.5;206963;2474;0.425;0.011953827;2.238320727
29;339;3;9;P+;PH1_2014;;7;263.0;778.8;610.9;373686;3296;0.432;0.008820239;2.961375104
29;337;3;7;P+;PH1_2014;;7;272.3;493.3;274.0;106141;1710;0.456;0.016110645;1.811805367
29;332;1;2;P+;PH1_2015;;7;262.4;637.7;435.4;218086;2520;0.432;0.011555075;2.430304878
29;333;1;3;P+;PH1_2015;;7;236.1;698.7;421.3;231174;2704;0.397;0.011696817;2.959713461
29;338;3;8;P+;PH1_2015;;7;246.3;501.9;330.9;130447;2176;0.346;0.016681104;2.037909054
28;323;2;5;P+;PH2_2015;;7;220.8;630.9;384.0;190263;2580;0.359;0.013560177;2.857542115
28;324;2;6;P+;PH2_2015;;7;189.5;695.7;335.5;183326;2630;0.333;0.014346028;3.670206648
28;322;2;4;P+;PH2_2015;;7;226.5;617.9;302.6;146832;2392;0.322;0.016290727;2.727796467
28;326;3;8;P+;PH3_2015;;7;214.0;665.9;468.9;245243;2884;0.371;0.011759765;3.111708167
28;325;3;7;P+;PH3_2015;;7;278.1;688.8;409.0;221257;2806;0.353;0.012682085;2.477001305
28;327;3;9;P+;PH3_2015;;7;192.2;617.4;360.0;174600;2462;0.362;0.014100802;3.213320704
38;445;3;7;P+;PH4_2015;;7;213.2;663.2;528.7;275383;3048;0.372;0.011068221;3.110335739
38;446;3;8;P+;PH4_2015;;7;149.1;687.4;458.2;247337;2916;0.366;0.011789583;4.609987727
38;447;3;9;P+;PH4_2015;;7;101.6;645.6;359.8;182428;2604;0.338;0.014274125;6.352387231
44;505;3;7;P-;M27;;8;142.0;612.3;519.8;249964;2820;0.395;0.011281625;4.311624566
44;506;3;8;P-;M27;;8;126.3;571.3;358.5;160879;2432;0.342;0.015116951;4.523170104
44;507;3;9;P-;M27;;8;100.8;534.1;326.3;136875;2226;0.347;0.016263014;5.300550786
42;482;3;8;P+;M31;;8;220.8;730.5;429.5;246402;2986;0.347;0.012118408;3.308908729
42;481;3;7;P+;M31;;8;214.3;695.1;425.7;232407;2854;0.359;0.012280181;3.243674578
42;483;3;9;P+;M31;;8;148.7;572.1;360.3;161888;2516;0.321;0.015541609;3.84592734
33;389;4;11;P-;M32;;8;206.5;552.2;353.4;153265;2230;0.387;0.014549962;2.674664833
33;388;4;10;P-;M32;;8;133.0;403.8;205.2;65069;1554;0.339;0.02388234;3.036427352
33;390;4;12;P-;M32;;8;82.5;350.6;166.4;45823;1372;0.306;0.029941296;4.251588726
43;496;4;10;P-;M34;;8;308.6;705.8;456.5;253050;2770;0.414;0.010946453;2.287278655
43;497;4;11;P-;M34;;8;254.2;792.2;359.7;223767;2838;0.349;0.012682835;3.116501761
43;498;4;12;P-;M34;;8;183.7;759.7;328.3;195900;2796;0.315;0.014272588;4.136106014
42;475;1;1;P-;M36;;8;207.5;684.2;467.6;251260;2912;0.372;0.011589588;3.296999311
42;476;1;2;P-;M36;;8;150.0;679.9;388.7;207598;2748;0.345;0.013237122;4.532322788
42;477;1;3;P-;M36;;8;103.5;455.9;265.2;94969;1824;0.359;0.019206267;4.40699248
34;394;2;4;P-;M38;;8;257.1;643.0;559.5;282548;2936;0.412;0.010391155;2.500637765
34;395;2;5;P-;M38;;8;173.7;582.2;358.4;163862;2322;0.382;0.014170461;3.351770714
34;396;2;6;P-;M38;;8;124.7;484.1;321.1;122091;2044;0.367;0.016741611;3.881899172
42;478;2;4;P+;PH1_2014;;8;217.5;683.5;408.8;219434;2656;0.391;0.012103867;3.142572728
42;479;2;5;P+;PH1_2014;;8;191.9;655.0;376.7;193795;2518;0.384;0.012993111;3.414089661
42;480;2;6;P+;PH1_2014;;8;111.2;560.5;301.6;132773;2088;0.383;0.015726089;5.038568038
35;407;2;5;P+;PH1_2015;;8;124.6;745.8;454.3;266130;3090;0.35;0.011610867;5.986098068
35;406;2;4;P+;PH1_2015;;8;192.3;785.5;418.4;258114;3078;0.342;0.011924963;4.085095539
39;452;2;5;P+;PH2_2015;;8;177.1;599.0;373.5;175699;2458;0.365;0.013989835;3.381437072
39;453;2;6;P+;PH2_2015;;8;141.4;567.0;327.7;145929;2384;0.323;0.016336712;4.008986524
39;451;2;4;P+;PH2_2015;;8;215.3;484.1;300.0;114060;1868;0.411;0.016377345;2.248385988
44;499;1;1;P+;PH3_2015;;8;226.6;610.8;459.5;220469;2978;0.312;0.013507568;2.696182027
44;500;1;2;P+;PH3_2015;;8;188.6;620.1;417.0;203081;2782;0.33;0.013698967;3.288217109
44;501;1;3;P+;PH3_2015;;8;133.5;581.6;348.4;159127;2508;0.318;0.015760996;4.356410352
44;503;2;5;P+;PH4_2015;;8;201.5;605.6;436.8;207764;2770;0.34;0.013332435;3.005494233
44;502;2;4;P+;PH4_2015;;8;223.8;682.7;317.0;169949;2534;0.333;0.014910355;3.051016532
44;504;2;6;P+;PH4_2015;;8;141.3;594.1;349.0;162855;2440;0.344;0.014982653;4.204195299
46;532;4;10;P-;M27;;9;131.9;664.8;511.6;267146;2900;0.399;0.010855487;5.042167213
46;533;4;11;P-;M27;;9;204.7;632.6;388.3;192950;2680;0.338;0.013889609;3.090290499
46;534;4;12;P-;M27;;9;135.5;564.3;346.3;153485;2498;0.309;0.016275206;4.166101895
41;472;1;1;P+;M31;;9;273.2;791.9;489.7;304589;3246;0.363;0.010656984;2.899074877
41;473;1;2;P+;M31;;9;122.1;794.6;449.8;280719;3086;0.37;0.0109932;6.507797271
41;474;1;3;P+;M31;;9;156.0;688.7;444.4;240398;3024;0.33;0.01257914;4.414369953
37;430;2;4;P-;M32;;9;268.9;706.3;544.3;301920;2892;0.454;0.009578696;2.626734555
37;431;2;5;P-;M32;;9;215.4;671.6;479.8;253069;2750;0.421;0.010866602;3.117805714
37;432;2;6;P-;M32;;9;83.7;595.5;391.3;182991;2424;0.391;0.013246553;7.117874177
47;542;3;8;P-;M34;;9;286.0;904.0;511.5;363204;3362;0.404;0.009256506;3.161394441
47;541;3;7;P-;M34;;9;478.7;673.5;541.7;286551;2772;0.469;0.009673671;1.406779909
47;543;3;9;P-;M34;;9;304.9;780.3;399.3;244679;2938;0.356;0.012007569;2.559022426
39;458;4;11;P-;M36;;9;91.2;703.3;446.9;246833;2682;0.431;0.010865646;7.708709663
39;457;4;10;P-;M36;;9;176.2;693.2;441.1;240148;2632;0.436;0.010959908;3.935202057
39;459;4;12;P-;M36;;9;78.3;655.8;332.0;170980;2328;0.396;0.013615628;8.372363516
47;544;4;10;P-;M38;;9;331.6;798.1;619.6;388372;3246;0.463;0.008357966;2.406373625
47;545;4;11;P-;M38;;9;276.6;781.9;506.7;311127;3008;0.432;0.009668078;2.826510397
47;546;4;12;P-;M38;;9;193.1;737.9;491.3;284733;2910;0.423;0.010220101;3.820805327
47;535;1;1;P+;PH1_2014;;9;261.1;683.2;466.1;250131;2708;0.429;0.010826327;2.616827978
47;536;1;2;P+;PH1_2014;;9;233.0;739.8;440.4;255874;2808;0.408;0.010974151;3.174643838
47;537;1;3;P+;PH1_2014;;9;126.3;719.1;421.6;238084;3118;0.308;0.013096218;5.693371128
46;523;1;1;P+;PH1_2015;;9;281.7;712.6;480.0;268610;2850;0.416;0.010610178;2.52940383
46;524;1;2;P+;PH1_2015;;9;228.5;773.4;404.0;245401;2806;0.392;0.011434346;3.383923375
46;525;1;3;P+;PH1_2015;;9;127.7;669.3;378.9;199181;2634;0.361;0.013224153;5.239269807
45;515;2;5;P+;PH2_2015;;9;230.1;814.3;440.4;281667;3092;0.37;0.010977502;3.539633828
45;516;2;6;P+;PH2_2015;;9;128.3;742.0;395.5;230484;2784;0.374;0.01207893;5.785041556
45;514;2;4;P+;PH2_2015;;9;258.4;563.6;439.2;194416;2412;0.42;0.012406386;2.181383611
35;412;4;10;P+;PH4_2015;;9;241.2;713.8;457.2;256285;2984;0.362;0.011643288;2.959504619
35;413;4;11;P+;PH4_2015;;9;221.6;614.9;381.8;184393;2434;0.391;0.013200067;2.774649031
35;414;4;12;P+;PH4_2015;;9;142.1;611.9;347.2;166860;2458;0.347;0.014730912;4.304784016
50;577;3;7;P-;M27;;10;112.2;720.8;579.5;328069;3182;0.407;0.009699179;6.42668759
50;578;3;8;P-;M27;;10;103.6;533.1;444.8;186206;2476;0.382;0.013297101;5.144998456
50;579;3;9;P-;M27;;10;94.7;460.4;400.0;144663;2042;0.436;0.014115565;4.859511546
49;559;1;1;P+;M31;;10;269.5;640.9;483.9;243576;2794;0.392;0.011470752;2.377839202
49;560;1;2;P+;M31;;10;178.4;680.8;384.4;205511;2680;0.36;0.013040664;3.816671152
49;561;1;3;P+;M31;;10;124.8;587.0;326.4;150473;2300;0.357;0.015285134;4.70450101
45;520;4;10;P-;M32;;10;270.6;660.8;507.3;263301;2778;0.429;0.010550663;2.442430156
45;521;4;11;P-;M32;;10;233.7;620.7;438.1;213581;2562;0.409;0.011995449;2.65636208
45;522;4;12;P-;M32;;10;155.6;534.2;332.8;139608;2116;0.392;0.015156725;3.432278916
48;547;1;1;P-;M34;;10;381.3;886.4;565.5;393672;3420;0.423;0.008687435;2.324646203
48;548;1;2;P-;M34;;10;243.0;824.3;455.3;294739;3190;0.364;0.010823135;3.392827449
48;549;1;3;P-;M34;;10;191.2;750.9;364.7;215100;2820;0.34;0.013110181;3.926891257
49;564;2;6;P-;M38;;10;237.3;887.9;650.4;453541;4034;0.35;0.008894455;3.742012702
49;563;2;5;P-;M38;;10;314.4;572.2;286.9;128933;2094;0.37;0.016240993;1.819645907
49;562;2;4;P-;M38;;10;202.5;399.5;235.9;74009;1534;0.395;0.020727209;1.972886077
50;576;2;6;P+;PH1_2014;;10;173.7;712.1;465.6;260435;2756;0.431;0.010582295;4.099941275
50;575;2;5;P+;PH1_2014;;10;204.3;636.2;421.8;210740;2582;0.397;0.012252064;3.113317054
50;574;2;4;P+;PH1_2014;;10;89.2;431.4;311.9;105685;1738;0.44;0.016445096;4.834620169
51;583;1;1;P+;PH1_2015;;10;112.8;922.8;541.9;392736;3488;0.406;0.008881284;8.179509679
51;584;1;2;P+;PH1_2015;;10;172.8;827.3;436.2;283419;3136;0.362;0.01106489;4.788489142
51;585;1;3;P+;PH1_2015;;10;77.4;635.7;300.4;149991;2316;0.351;0.015440926;8.215606705
57;651;2;6;P+;PH2_2015;;10;199.3;744.1;587.2;343191;3028;0.47;0.008823075;3.732916637
57;650;2;5;P+;PH2_2015;;10;295.3;658.0;597.6;308835;2756;0.511;0.008923859;2.228671485
57;649;2;4;P+;PH2_2015;;10;305.8;442.4;414.4;143996;1930;0.486;0.01340315;1.446907314
49;568;4;10;P+;PH3_2015;;10;224.7;689.1;483.3;261579;3128;0.336;0.011958146;3.067193641
49;569;4;11;P+;PH3_2015;;10;184.2;597.1;519.0;243415;2926;0.357;0.012020623;3.242113607
49;570;4;12;P+;PH3_2015;;10;204.9;634.4;421.8;210153;2798;0.337;0.013314109;3.095307102
48;550;2;4;P+;PH4_2015;;10;236.0;696.8;469.0;256676;3192;0.317;0.012435911;2.952554884
48;551;2;5;P+;PH4_2015;;10;229.2;714.2;412.8;231537;3060;0.311;0.01321603;3.116112762
48;552;2;6;P+;PH4_2015;;10;149.0;648.1;293.2;149243;2512;0.297;0.01683161;4.349530201
52;598;4;10;P-;M27;;11;179.6;841.5;629.8;416219;3766;0.369;0.009048121;4.685069707
52;599;4;11;P-;M27;;11;162.3;865.0;639.6;434520;4104;0.324;0.009444905;5.329628283
52;600;4;12;P-;M27;;11;103.7;729.0;505.1;289215;3512;0.295;0.012143215;7.032141996
55;629;3;8;P+;M31;;11;271.7;816.0;464.6;297791;3196;0.366;0.010732359;3.003312319
55;628;3;7;P+;M31;;11;308.4;756.3;441.0;261946;2882;0.396;0.011002268;2.4521685
55;630;3;9;P+;M31;;11;111.5;755.8;383.7;227782;2926;0.334;0.012845616;6.777519727
54;613;2;4;P-;M34;;11;407.8;877.3;631.5;435176;3374;0.48;0.007753185;2.151420185
54;614;2;5;P-;M34;;11;262.1;981.3;545.7;420623;3650;0.397;0.008677604;3.744070079
54;615;2;6;P-;M34;;11;142.1;923.7;416.0;301783;3356;0.337;0.011120573;6.502217435
54;619;4;10;P-;M36;;11;186.0;668.9;523.7;275128;2728;0.465;0.009915385;3.595921637
54;620;4;11;P-;M36;;11;141.8;588.5;401.4;185535;2342;0.425;0.012622955;4.149986953
54;621;4;12;P-;M36;;11;145.8;474.6;263.4;98176;1768;0.395;0.018008475;3.255248808
55;625;2;4;P-;M38;;11;334.4;715.9;462.7;260192;3048;0.352;0.011714426;2.141141357
55;626;2;5;P-;M38;;11;255.6;595.9;393.3;184057;2360;0.415;0.012822115;2.331719896
55;627;2;6;P-;M38;;11;141.0;420.1;305.2;100693;1758;0.409;0.017459009;2.978919678
55;623;1;2;P+;PH1_2015;;11;446.5;836.1;449.5;295172;3108;0.384;0.010529454;1.872409754
55;622;1;1;P+;PH1_2015;;11;388.4;651.6;467.9;239477;2612;0.441;0.010907102;1.677927783
55;624;1;3;P+;PH1_2015;;11;299.2;795.0;466.8;291489;3180;0.362;0.010909503;2.656970604
53;609;3;9;P+;PH2_2015;;11;345.2;985.4;594.0;459760;3932;0.374;0.008552288;2.854338589
53;608;3;8;P+;PH2_2015;;11;405.1;816.4;502.0;321895;3172;0.402;0.009854145;2.01557767
53;607;3;7;P+;PH2_2015;;11;409.2;628.5;408.5;201653;2372;0.45;0.011762781;1.536145565
53;601;1;1;P+;PH3_2015;;11;180.9;600.5;475.6;224334;2950;0.324;0.013150035;3.320180676
53;602;1;2;P+;PH3_2015;;11;192.9;629.5;430.5;212818;2914;0.315;0.013692451;3.262864341
53;603;1;3;P+;PH3_2015;;11;197.6;615.3;380.3;183761;2682;0.321;0.014595045;3.113514799
57;647;1;2;P+;PH4_2015;;12;210.0;706.7;517.8;287416;3228;0.347;0.011231108;3.365272797
57;646;1;1;P+;PH4_2015;;12;252.8;700.6;464.0;255293;3102;0.333;0.012150744;2.770962868
57;648;1;3;P+;PH4_2015;;12;196.7;644.2;411.7;208309;2774;0.34;0.013316755;3.274716839
